{
"meta":{"test_sets":[],"test_metrics":[],"learn_metrics":[{"best_value":"Min","name":"Logloss"}],"launch_mode":"Train","parameters":"","iteration_count":494,"learn_sets":["learn"],"name":"experiment"},
"iterations":[
{"learn":[0.521011357],"iteration":0,"passed_time":0.003645815812,"remaining_time":1.797387195},
{"learn":[0.441323218],"iteration":1,"passed_time":0.006162512405,"remaining_time":1.515978052},
{"learn":[0.3736828157],"iteration":2,"passed_time":0.008254285035,"remaining_time":1.350951317},
{"learn":[0.3338664202],"iteration":3,"passed_time":0.01050576121,"remaining_time":1.286955748},
{"learn":[0.3047054316],"iteration":4,"passed_time":0.0125007927,"remaining_time":1.222577526},
{"learn":[0.2840805159],"iteration":5,"passed_time":0.01466344628,"remaining_time":1.192626964},
{"learn":[0.2698421699],"iteration":6,"passed_time":0.01672753824,"remaining_time":1.163758732},
{"learn":[0.2595650998],"iteration":7,"passed_time":0.01994661295,"remaining_time":1.211756737},
{"learn":[0.2541958558],"iteration":8,"passed_time":0.02208287667,"remaining_time":1.190021687},
{"learn":[0.2500489567],"iteration":9,"passed_time":0.02433966599,"remaining_time":1.178039834},
{"learn":[0.2449758942],"iteration":10,"passed_time":0.0264930154,"remaining_time":1.163284222},
{"learn":[0.2409427201],"iteration":11,"passed_time":0.02873595937,"remaining_time":1.154227702},
{"learn":[0.2327718055],"iteration":12,"passed_time":0.03089528237,"remaining_time":1.143125448},
{"learn":[0.2306223857],"iteration":13,"passed_time":0.03365359913,"remaining_time":1.153837685},
{"learn":[0.2282471261],"iteration":14,"passed_time":0.03608607321,"remaining_time":1.152348605},
{"learn":[0.2252660328],"iteration":15,"passed_time":0.03822716634,"remaining_time":1.142036594},
{"learn":[0.2238473994],"iteration":16,"passed_time":0.04058083799,"remaining_time":1.138650572},
{"learn":[0.2224658458],"iteration":17,"passed_time":0.04265338529,"remaining_time":1.127945078},
{"learn":[0.2207993456],"iteration":18,"passed_time":0.04488348899,"remaining_time":1.122087225},
{"learn":[0.2195933173],"iteration":19,"passed_time":0.04723816278,"remaining_time":1.119544458},
{"learn":[0.2181612755],"iteration":20,"passed_time":0.04994940311,"remaining_time":1.125050842},
{"learn":[0.2156539697],"iteration":21,"passed_time":0.05218255542,"remaining_time":1.119553007},
{"learn":[0.214253859],"iteration":22,"passed_time":0.05424638213,"remaining_time":1.110871564},
{"learn":[0.2130226319],"iteration":23,"passed_time":0.05628057359,"remaining_time":1.102161233},
{"learn":[0.2122589848],"iteration":24,"passed_time":0.05826227647,"remaining_time":1.093000307},
{"learn":[0.2114330916],"iteration":25,"passed_time":0.06035367356,"remaining_time":1.086366124},
{"learn":[0.2111404649],"iteration":26,"passed_time":0.06261701084,"remaining_time":1.083042373},
{"learn":[0.2099977741],"iteration":27,"passed_time":0.06516506374,"remaining_time":1.084532846},
{"learn":[0.2084173581],"iteration":28,"passed_time":0.06728119397,"remaining_time":1.078819145},
{"learn":[0.206771765],"iteration":29,"passed_time":0.06923398596,"remaining_time":1.070818983},
{"learn":[0.2060472214],"iteration":30,"passed_time":0.07108826478,"remaining_time":1.061737632},
{"learn":[0.2048494663],"iteration":31,"passed_time":0.07280823072,"remaining_time":1.051168831},
{"learn":[0.2040014872],"iteration":32,"passed_time":0.0745762652,"remaining_time":1.041807826},
{"learn":[0.203717607],"iteration":33,"passed_time":0.07657599452,"remaining_time":1.036028161},
{"learn":[0.2019233738],"iteration":34,"passed_time":0.07828717219,"remaining_time":1.026680344},
{"learn":[0.2009200713],"iteration":35,"passed_time":0.08043688565,"remaining_time":1.023335934},
{"learn":[0.200268516],"iteration":36,"passed_time":0.08242041737,"remaining_time":1.018003533},
{"learn":[0.1990680899],"iteration":37,"passed_time":0.08424684927,"remaining_time":1.010962191},
{"learn":[0.1977210211],"iteration":38,"passed_time":0.08595728755,"remaining_time":1.002835021},
{"learn":[0.1969367729],"iteration":39,"passed_time":0.08765801521,"remaining_time":0.9949184726},
{"learn":[0.1960540869],"iteration":40,"passed_time":0.08945814454,"remaining_time":0.9884034019},
{"learn":[0.1950632338],"iteration":41,"passed_time":0.09114864108,"remaining_time":0.9809329945},
{"learn":[0.1944610799],"iteration":42,"passed_time":0.09283501376,"remaining_time":0.9736881675},
{"learn":[0.1939730265],"iteration":43,"passed_time":0.09455889176,"remaining_time":0.9670795749},
{"learn":[0.1933377091],"iteration":44,"passed_time":0.09679864802,"remaining_time":0.9658353991},
{"learn":[0.1928172527],"iteration":45,"passed_time":0.09864371583,"remaining_time":0.960704015},
{"learn":[0.1920162181],"iteration":46,"passed_time":0.1004277979,"remaining_time":0.9551324613},
{"learn":[0.1910959931],"iteration":47,"passed_time":0.1021472634,"remaining_time":0.9491183228},
{"learn":[0.1902681087],"iteration":48,"passed_time":0.103931511,"remaining_time":0.9438678038},
{"learn":[0.1886284858],"iteration":49,"passed_time":0.1058431107,"remaining_time":0.9398868233},
{"learn":[0.1879977323],"iteration":50,"passed_time":0.1076793677,"remaining_time":0.935332547},
{"learn":[0.1868865002],"iteration":51,"passed_time":0.1094091124,"remaining_time":0.9299774551},
{"learn":[0.1859208397],"iteration":52,"passed_time":0.11134861,"remaining_time":0.9265044719},
{"learn":[0.1851103772],"iteration":53,"passed_time":0.1134623876,"remaining_time":0.924508343},
{"learn":[0.1842316349],"iteration":54,"passed_time":0.1152425221,"remaining_time":0.9198448582},
{"learn":[0.1832644873],"iteration":55,"passed_time":0.117009422,"remaining_time":0.9151808365},
{"learn":[0.1822200635],"iteration":56,"passed_time":0.1188206601,"remaining_time":0.9109583944},
{"learn":[0.181366608],"iteration":57,"passed_time":0.1206845222,"remaining_time":0.9072146839},
{"learn":[0.1801526285],"iteration":58,"passed_time":0.1225957865,"remaining_time":0.9038841885},
{"learn":[0.1787907559],"iteration":59,"passed_time":0.1245004681,"remaining_time":0.9005533863},
{"learn":[0.1778719859],"iteration":60,"passed_time":0.1262791816,"remaining_time":0.896375174},
{"learn":[0.1768180707],"iteration":61,"passed_time":0.1289513045,"remaining_time":0.8984994122},
{"learn":[0.1760386339],"iteration":62,"passed_time":0.1311062839,"remaining_time":0.8969334663},
{"learn":[0.1752212568],"iteration":63,"passed_time":0.132994763,"remaining_time":0.8935585639},
{"learn":[0.1750245819],"iteration":64,"passed_time":0.134969166,"remaining_time":0.8907964955},
{"learn":[0.1747595431],"iteration":65,"passed_time":0.136891636,"remaining_time":0.8877215182},
{"learn":[0.1742476448],"iteration":66,"passed_time":0.1387607422,"remaining_time":0.8843408498},
{"learn":[0.1740684662],"iteration":67,"passed_time":0.140537255,"remaining_time":0.8804245684},
{"learn":[0.1736701024],"iteration":68,"passed_time":0.1441415164,"remaining_time":0.8878281809},
{"learn":[0.1731055183],"iteration":69,"passed_time":0.1461431168,"remaining_time":0.8852097359},
{"learn":[0.1724709628],"iteration":70,"passed_time":0.1479871453,"remaining_time":0.8816698937},
{"learn":[0.1721103489],"iteration":71,"passed_time":0.14992291,"remaining_time":0.8787148339},
{"learn":[0.1716407173],"iteration":72,"passed_time":0.1518333272,"remaining_time":0.8756415171},
{"learn":[0.1711718639],"iteration":73,"passed_time":0.1537731423,"remaining_time":0.8727664833},
{"learn":[0.1709805784],"iteration":74,"passed_time":0.1556419206,"remaining_time":0.86951953},
{"learn":[0.1702252754],"iteration":75,"passed_time":0.1575224097,"remaining_time":0.8663732534},
{"learn":[0.1693332705],"iteration":76,"passed_time":0.1602085038,"remaining_time":0.8676226762},
{"learn":[0.1686277075],"iteration":77,"passed_time":0.1622077117,"remaining_time":0.865107796},
{"learn":[0.1678199283],"iteration":78,"passed_time":0.1639768988,"remaining_time":0.8613976327},
{"learn":[0.1677098364],"iteration":79,"passed_time":0.1658347484,"remaining_time":0.8581948228},
{"learn":[0.1672735651],"iteration":80,"passed_time":0.1676350603,"remaining_time":0.8547318504},
{"learn":[0.1667857867],"iteration":81,"passed_time":0.16935015,"remaining_time":0.8508812414},
{"learn":[0.1663781397],"iteration":82,"passed_time":0.1710917044,"remaining_time":0.8472131385},
{"learn":[0.1659490325],"iteration":83,"passed_time":0.1728001618,"remaining_time":0.843429361},
{"learn":[0.1655676285],"iteration":84,"passed_time":0.174853198,"remaining_time":0.8413524469},
{"learn":[0.1650487928],"iteration":85,"passed_time":0.176765548,"remaining_time":0.8386086463},
{"learn":[0.1642055439],"iteration":86,"passed_time":0.1786174161,"remaining_time":0.8356010155},
{"learn":[0.1639378095],"iteration":87,"passed_time":0.1802781224,"remaining_time":0.8317377011},
{"learn":[0.1630628709],"iteration":88,"passed_time":0.1820434224,"remaining_time":0.8283998436},
{"learn":[0.1621741528],"iteration":89,"passed_time":0.1838655629,"remaining_time":0.8253520825},
{"learn":[0.161518453],"iteration":90,"passed_time":0.1856531908,"remaining_time":0.8221784163},
{"learn":[0.1612348409],"iteration":91,"passed_time":0.1874688326,"remaining_time":0.8191572904},
{"learn":[0.1599034671],"iteration":92,"passed_time":0.1893575991,"remaining_time":0.8164773896},
{"learn":[0.1595677715],"iteration":93,"passed_time":0.1917648751,"remaining_time":0.8160207451},
{"learn":[0.1587599058],"iteration":94,"passed_time":0.1938062503,"remaining_time":0.8139862513},
{"learn":[0.1577485051],"iteration":95,"passed_time":0.1956064022,"remaining_time":0.8109515425},
{"learn":[0.1572589148],"iteration":96,"passed_time":0.1973326968,"remaining_time":0.8076400065},
{"learn":[0.1567630614],"iteration":97,"passed_time":0.1991599007,"remaining_time":0.8047685782},
{"learn":[0.1563810532],"iteration":98,"passed_time":0.2008856815,"remaining_time":0.8015135775},
{"learn":[0.1552621479],"iteration":99,"passed_time":0.2026065965,"remaining_time":0.7982699901},
{"learn":[0.1547385044],"iteration":100,"passed_time":0.204282794,"remaining_time":0.7948825549},
{"learn":[0.154180019],"iteration":101,"passed_time":0.2076654601,"remaining_time":0.7980868663},
{"learn":[0.1535621203],"iteration":102,"passed_time":0.2098005989,"remaining_time":0.7964275161},
{"learn":[0.1532165959],"iteration":103,"passed_time":0.211609826,"remaining_time":0.7935368475},
{"learn":[0.1525502504],"iteration":104,"passed_time":0.2134249173,"remaining_time":0.7906885031},
{"learn":[0.1520522142],"iteration":105,"passed_time":0.2152082358,"remaining_time":0.7877433537},
{"learn":[0.1515643357],"iteration":106,"passed_time":0.216978115,"remaining_time":0.7847713131},
{"learn":[0.1507451843],"iteration":107,"passed_time":0.2187205299,"remaining_time":0.7817233754},
{"learn":[0.1503310908],"iteration":108,"passed_time":0.220561316,"remaining_time":0.7790468499},
{"learn":[0.1500169066],"iteration":109,"passed_time":0.2233183052,"remaining_time":0.7795839017},
{"learn":[0.1495106522],"iteration":110,"passed_time":0.2253925514,"remaining_time":0.7777058304},
{"learn":[0.1491333243],"iteration":111,"passed_time":0.2323607197,"remaining_time":0.7925160262},
{"learn":[0.1481923038],"iteration":112,"passed_time":0.2351712832,"remaining_time":0.7929226452},
{"learn":[0.1471724162],"iteration":113,"passed_time":0.2400308426,"remaining_time":0.8001028087},
{"learn":[0.1466803959],"iteration":114,"passed_time":0.2427625598,"remaining_time":0.800060958},
{"learn":[0.1462688544],"iteration":115,"passed_time":0.2467766608,"remaining_time":0.8041515327},
{"learn":[0.1461054989],"iteration":116,"passed_time":0.2493741495,"remaining_time":0.8035389262},
{"learn":[0.1459354636],"iteration":117,"passed_time":0.2520742501,"remaining_time":0.8032196445},
{"learn":[0.1454766348],"iteration":118,"passed_time":0.2565646379,"remaining_time":0.8085020102},
{"learn":[0.1441833254],"iteration":119,"passed_time":0.2591254613,"remaining_time":0.8076076878},
{"learn":[0.1437596442],"iteration":120,"passed_time":0.2613296785,"remaining_time":0.8055865296},
{"learn":[0.1430354348],"iteration":121,"passed_time":0.2634504485,"remaining_time":0.803307925},
{"learn":[0.1424618528],"iteration":122,"passed_time":0.2657029093,"remaining_time":0.8014291003},
{"learn":[0.1415314506],"iteration":123,"passed_time":0.2677204415,"remaining_time":0.798843253},
{"learn":[0.1412279767],"iteration":124,"passed_time":0.271198121,"remaining_time":0.8005768533},
{"learn":[0.1407705095],"iteration":125,"passed_time":0.2735076387,"remaining_time":0.7988159607},
{"learn":[0.140301823],"iteration":126,"passed_time":0.276288828,"remaining_time":0.7984094479},
{"learn":[0.1402233317],"iteration":127,"passed_time":0.2786745093,"remaining_time":0.7968349251},
{"learn":[0.1394204632],"iteration":128,"passed_time":0.2807196738,"remaining_time":0.7942843484},
{"learn":[0.1392402019],"iteration":129,"passed_time":0.282901686,"remaining_time":0.7921247207},
{"learn":[0.1386933768],"iteration":130,"passed_time":0.2854321586,"remaining_time":0.7909303325},
{"learn":[0.1384178145],"iteration":131,"passed_time":0.2873535696,"remaining_time":0.7880453954},
{"learn":[0.1381278888],"iteration":132,"passed_time":0.2892605054,"remaining_time":0.7851356574},
{"learn":[0.1377295473],"iteration":133,"passed_time":0.2911667335,"remaining_time":0.7822389855},
{"learn":[0.1368807195],"iteration":134,"passed_time":0.2929936387,"remaining_time":0.7791460466},
{"learn":[0.1367115991],"iteration":135,"passed_time":0.2948062378,"remaining_time":0.7760340671},
{"learn":[0.1358168336],"iteration":136,"passed_time":0.296639838,"remaining_time":0.7729957821},
{"learn":[0.1355963861],"iteration":137,"passed_time":0.2984329406,"remaining_time":0.7698704845},
{"learn":[0.1353554096],"iteration":138,"passed_time":0.3005106336,"remaining_time":0.7674911864},
{"learn":[0.1350458936],"iteration":139,"passed_time":0.3024737728,"remaining_time":0.7648265398},
{"learn":[0.1342804049],"iteration":140,"passed_time":0.3044404594,"remaining_time":0.7621807246},
{"learn":[0.1339583536],"iteration":141,"passed_time":0.3062474433,"remaining_time":0.7591485919},
{"learn":[0.133452463],"iteration":142,"passed_time":0.3085881469,"remaining_time":0.7574436333},
{"learn":[0.1331639086],"iteration":143,"passed_time":0.3109451445,"remaining_time":0.7557694485},
{"learn":[0.1325092475],"iteration":144,"passed_time":0.3129378868,"remaining_time":0.7532091207},
{"learn":[0.1319034491],"iteration":145,"passed_time":0.3148541815,"remaining_time":0.7504743504},
{"learn":[0.131470611],"iteration":146,"passed_time":0.3174064836,"remaining_time":0.7492520394},
{"learn":[0.1312686427],"iteration":147,"passed_time":0.3194594525,"remaining_time":0.7468443958},
{"learn":[0.1308696032],"iteration":148,"passed_time":0.3214466181,"remaining_time":0.7442891493},
{"learn":[0.1301763523],"iteration":149,"passed_time":0.3234314252,"remaining_time":0.7417360684},
{"learn":[0.1295684145],"iteration":150,"passed_time":0.3254286915,"remaining_time":0.7392188159},
{"learn":[0.1293444174],"iteration":151,"passed_time":0.3272772432,"remaining_time":0.7363737973},
{"learn":[0.1290806922],"iteration":152,"passed_time":0.3292349783,"remaining_time":0.7337851477},
{"learn":[0.1289534112],"iteration":153,"passed_time":0.3311824793,"remaining_time":0.7311820971},
{"learn":[0.128149115],"iteration":154,"passed_time":0.3337712461,"remaining_time":0.7299900156},
{"learn":[0.1279739496],"iteration":155,"passed_time":0.3358243341,"remaining_time":0.7276193906},
{"learn":[0.1272891238],"iteration":156,"passed_time":0.3377645273,"remaining_time":0.7250104821},
{"learn":[0.1267313017],"iteration":157,"passed_time":0.33986221,"remaining_time":0.7227449529},
{"learn":[0.1264579806],"iteration":158,"passed_time":0.341849135,"remaining_time":0.7202481774},
{"learn":[0.1262529448],"iteration":159,"passed_time":0.3438430983,"remaining_time":0.7177724677},
{"learn":[0.125891226],"iteration":160,"passed_time":0.3458863404,"remaining_time":0.7154046667},
{"learn":[0.1256993837],"iteration":161,"passed_time":0.3486749754,"remaining_time":0.7145684681},
{"learn":[0.1252375341],"iteration":162,"passed_time":0.3507468518,"remaining_time":0.7122528095},
{"learn":[0.1250340608],"iteration":163,"passed_time":0.3526755406,"remaining_time":0.7096520024},
{"learn":[0.124689996],"iteration":164,"passed_time":0.3545105043,"remaining_time":0.70687246},
{"learn":[0.1241824646],"iteration":165,"passed_time":0.3563274929,"remaining_time":0.7040687811},
{"learn":[0.1233532533],"iteration":166,"passed_time":0.3580708293,"remaining_time":0.7011327017},
{"learn":[0.123069532],"iteration":167,"passed_time":0.3598841853,"remaining_time":0.698346693},
{"learn":[0.1222952247],"iteration":168,"passed_time":0.3616602345,"remaining_time":0.6955004509},
{"learn":[0.1220754988],"iteration":169,"passed_time":0.364851781,"remaining_time":0.6953645708},
{"learn":[0.1218396869],"iteration":170,"passed_time":0.3668228709,"remaining_time":0.6928876451},
{"learn":[0.1214372011],"iteration":171,"passed_time":0.3687269736,"remaining_time":0.6902911948},
{"learn":[0.1210478704],"iteration":172,"passed_time":0.3706089214,"remaining_time":0.6876616403},
{"learn":[0.1209581062],"iteration":173,"passed_time":0.3723282699,"remaining_time":0.6847416459},
{"learn":[0.1204486423],"iteration":174,"passed_time":0.3741266277,"remaining_time":0.6819793956},
{"learn":[0.1202937946],"iteration":175,"passed_time":0.3758582434,"remaining_time":0.6791075079},
{"learn":[0.1199169965],"iteration":176,"passed_time":0.3776264884,"remaining_time":0.6763141063},
{"learn":[0.1190513405],"iteration":177,"passed_time":0.3802044113,"remaining_time":0.674969629},
{"learn":[0.1185322632],"iteration":178,"passed_time":0.382307626,"remaining_time":0.6727759899},
{"learn":[0.1179476764],"iteration":179,"passed_time":0.3841699095,"remaining_time":0.6701630643},
{"learn":[0.1177719543],"iteration":180,"passed_time":0.3859537635,"remaining_time":0.6674228065},
{"learn":[0.1174763905],"iteration":181,"passed_time":0.387732309,"remaining_time":0.6646839583},
{"learn":[0.11709359],"iteration":182,"passed_time":0.3895277042,"remaining_time":0.6619842404},
{"learn":[0.1169859684],"iteration":183,"passed_time":0.3914060686,"remaining_time":0.6594341374},
{"learn":[0.1167178142],"iteration":184,"passed_time":0.3932548121,"remaining_time":0.6568418213},
{"learn":[0.1164748445],"iteration":185,"passed_time":0.3957834959,"remaining_time":0.6553834234},
{"learn":[0.1162704347],"iteration":186,"passed_time":0.3978241547,"remaining_time":0.6531123824},
{"learn":[0.115928725],"iteration":187,"passed_time":0.3997485455,"remaining_time":0.6506545474},
{"learn":[0.1156916018],"iteration":188,"passed_time":0.4017074426,"remaining_time":0.6482580424},
{"learn":[0.1150309856],"iteration":189,"passed_time":0.4036252603,"remaining_time":0.6458004165},
{"learn":[0.1147201926],"iteration":190,"passed_time":0.4054772032,"remaining_time":0.6432439402},
{"learn":[0.1144667901],"iteration":191,"passed_time":0.4074131037,"remaining_time":0.6408268611},
{"learn":[0.1142045494],"iteration":192,"passed_time":0.4100451419,"remaining_time":0.6395004544},
{"learn":[0.11405762],"iteration":193,"passed_time":0.4128889603,"remaining_time":0.6384880829},
{"learn":[0.1137260699],"iteration":194,"passed_time":0.4146866358,"remaining_time":0.6358528416},
{"learn":[0.1134980404],"iteration":195,"passed_time":0.4164660318,"remaining_time":0.6331983545},
{"learn":[0.1129403268],"iteration":196,"passed_time":0.4182012726,"remaining_time":0.6304861825},
{"learn":[0.1124646355],"iteration":197,"passed_time":0.4198815088,"remaining_time":0.6277016495},
{"learn":[0.1121963577],"iteration":198,"passed_time":0.4215526166,"remaining_time":0.6249146829},
{"learn":[0.1121395694],"iteration":199,"passed_time":0.4232185947,"remaining_time":0.6221313343},
{"learn":[0.1120716144],"iteration":200,"passed_time":0.4250639846,"remaining_time":0.6196206343},
{"learn":[0.1118315422],"iteration":201,"passed_time":0.4271892465,"remaining_time":0.617521089},
{"learn":[0.1114608466],"iteration":202,"passed_time":0.4291066456,"remaining_time":0.6151233196},
{"learn":[0.1113079117],"iteration":203,"passed_time":0.4308289797,"remaining_time":0.6124529613},
{"learn":[0.1106618171],"iteration":204,"passed_time":0.4326424531,"remaining_time":0.6099203363},
{"learn":[0.1104274383],"iteration":205,"passed_time":0.4343696141,"remaining_time":0.6072740236},
{"learn":[0.10999275],"iteration":206,"passed_time":0.436103554,"remaining_time":0.6046459904},
{"learn":[0.1097438359],"iteration":207,"passed_time":0.4380489922,"remaining_time":0.6023173643},
{"learn":[0.1095287895],"iteration":208,"passed_time":0.4398683766,"remaining_time":0.5998205135},
{"learn":[0.1089315208],"iteration":209,"passed_time":0.4419233314,"remaining_time":0.5976486959},
{"learn":[0.1086755521],"iteration":210,"passed_time":0.4444042095,"remaining_time":0.5960492478},
{"learn":[0.1082161604],"iteration":211,"passed_time":0.4462370002,"remaining_time":0.5935794059},
{"learn":[0.1080232379],"iteration":212,"passed_time":0.4479704505,"remaining_time":0.5909844911},
{"learn":[0.1078958356],"iteration":213,"passed_time":0.4497677163,"remaining_time":0.5884811241},
{"learn":[0.1074504063],"iteration":214,"passed_time":0.4514917267,"remaining_time":0.585889264},
{"learn":[0.1069282872],"iteration":215,"passed_time":0.4534537109,"remaining_time":0.5836117205},
{"learn":[0.1067286132],"iteration":216,"passed_time":0.4553424373,"remaining_time":0.581243572},
{"learn":[0.1064345122],"iteration":217,"passed_time":0.4571451812,"remaining_time":0.5787709634},
{"learn":[0.1058544428],"iteration":218,"passed_time":0.4596628194,"remaining_time":0.5772021704},
{"learn":[0.1055590486],"iteration":219,"passed_time":0.4616102418,"remaining_time":0.5749145739},
{"learn":[0.1053549235],"iteration":220,"passed_time":0.4634204548,"remaining_time":0.5724605618},
{"learn":[0.1050309383],"iteration":221,"passed_time":0.4652750469,"remaining_time":0.5700667242},
{"learn":[0.1049134587],"iteration":222,"passed_time":0.4670898433,"remaining_time":0.5676293611},
{"learn":[0.1046465489],"iteration":223,"passed_time":0.4692694368,"remaining_time":0.5656372676},
{"learn":[0.1043581198],"iteration":224,"passed_time":0.4713865717,"remaining_time":0.5635688346},
{"learn":[0.1041537802],"iteration":225,"passed_time":0.4736441555,"remaining_time":0.5616665207},
{"learn":[0.1037288922],"iteration":226,"passed_time":0.4761429589,"remaining_time":0.5600448019},
{"learn":[0.1032577792],"iteration":227,"passed_time":0.4779629047,"remaining_time":0.5576233888},
{"learn":[0.1029870797],"iteration":228,"passed_time":0.4797672252,"remaining_time":0.555189147},
{"learn":[0.1028921512],"iteration":229,"passed_time":0.4817352134,"remaining_time":0.552948245},
{"learn":[0.1024776372],"iteration":230,"passed_time":0.4835644274,"remaining_time":0.5505517074},
{"learn":[0.1022662378],"iteration":231,"passed_time":0.485318655,"remaining_time":0.5480753776},
{"learn":[0.1020929378],"iteration":232,"passed_time":0.4870827862,"remaining_time":0.5456163399},
{"learn":[0.101858657],"iteration":233,"passed_time":0.4889587963,"remaining_time":0.5432875515},
{"learn":[0.101142698],"iteration":234,"passed_time":0.4911688121,"remaining_time":0.5413307333},
{"learn":[0.1009902351],"iteration":235,"passed_time":0.4930655238,"remaining_time":0.5390292591},
{"learn":[0.1006275429],"iteration":236,"passed_time":0.4949397064,"remaining_time":0.5367067702},
{"learn":[0.1005141311],"iteration":237,"passed_time":0.4967233156,"remaining_time":0.5342906252},
{"learn":[0.1004208418],"iteration":238,"passed_time":0.4985466764,"remaining_time":0.5319221861},
{"learn":[0.1001047499],"iteration":239,"passed_time":0.5002748633,"remaining_time":0.5294575636},
{"learn":[0.09984095652],"iteration":240,"passed_time":0.5020130699,"remaining_time":0.5270095714},
{"learn":[0.09951300125],"iteration":241,"passed_time":0.5036262249,"remaining_time":0.5244372259},
{"learn":[0.09946469284],"iteration":242,"passed_time":0.5056061198,"remaining_time":0.5222515888},
{"learn":[0.09927973741],"iteration":243,"passed_time":0.5075109631,"remaining_time":0.5199907409},
{"learn":[0.09915038086],"iteration":244,"passed_time":0.5092587927,"remaining_time":0.517573222},
{"learn":[0.09902165871],"iteration":245,"passed_time":0.5111080988,"remaining_time":0.5152634492},
{"learn":[0.09875671255],"iteration":246,"passed_time":0.5128302161,"remaining_time":0.5128302161},
{"learn":[0.09866021707],"iteration":247,"passed_time":0.514589215,"remaining_time":0.510439302},
{"learn":[0.09861459965],"iteration":248,"passed_time":0.5164151456,"remaining_time":0.50811932},
{"learn":[0.09822343346],"iteration":249,"passed_time":0.5181749374,"remaining_time":0.5057387389},
{"learn":[0.09787342266],"iteration":250,"passed_time":0.5198929718,"remaining_time":0.5033226778},
{"learn":[0.09730970589],"iteration":251,"passed_time":0.5223105098,"remaining_time":0.5015839023},
{"learn":[0.09691127238],"iteration":252,"passed_time":0.5240807232,"remaining_time":0.4992231395},
{"learn":[0.09667485998],"iteration":253,"passed_time":0.526140639,"remaining_time":0.4971407613},
{"learn":[0.09647078364],"iteration":254,"passed_time":0.5280053579,"remaining_time":0.4948756099},
{"learn":[0.09627310669],"iteration":255,"passed_time":0.5297456331,"remaining_time":0.4924978933},
{"learn":[0.09578181698],"iteration":256,"passed_time":0.5314501939,"remaining_time":0.4900922022},
{"learn":[0.0955820541],"iteration":257,"passed_time":0.5331214572,"remaining_time":0.487661488},
{"learn":[0.09545520673],"iteration":258,"passed_time":0.5349372085,"remaining_time":0.4853677374},
{"learn":[0.0952498269],"iteration":259,"passed_time":0.5369433989,"remaining_time":0.483249059},
{"learn":[0.0950131058],"iteration":260,"passed_time":0.5392638628,"remaining_time":0.4814118009},
{"learn":[0.09498425386],"iteration":261,"passed_time":0.5413838087,"remaining_time":0.4793932962},
{"learn":[0.09471709367],"iteration":262,"passed_time":0.5431061849,"remaining_time":0.477024824},
{"learn":[0.09465260802],"iteration":263,"passed_time":0.5448103463,"remaining_time":0.4746453775},
{"learn":[0.09428819764],"iteration":264,"passed_time":0.5465162255,"remaining_time":0.4722725118},
{"learn":[0.09406007602],"iteration":265,"passed_time":0.5481770446,"remaining_time":0.4698660382},
{"learn":[0.09397554606],"iteration":266,"passed_time":0.5498516973,"remaining_time":0.4674769112},
{"learn":[0.09393532614],"iteration":267,"passed_time":0.5515805735,"remaining_time":0.4651388418},
{"learn":[0.09371675939],"iteration":268,"passed_time":0.553842676,"remaining_time":0.4632513089},
{"learn":[0.09363182737],"iteration":269,"passed_time":0.5557037747,"remaining_time":0.4610283168},
{"learn":[0.09301654362],"iteration":270,"passed_time":0.5573835364,"remaining_time":0.4586587771},
{"learn":[0.09284176981],"iteration":271,"passed_time":0.5590269819,"remaining_time":0.4562646691},
{"learn":[0.092669193],"iteration":272,"passed_time":0.5607310932,"remaining_time":0.4539251707},
{"learn":[0.0924875143],"iteration":273,"passed_time":0.5624218438,"remaining_time":0.4515795826},
{"learn":[0.09228786593],"iteration":274,"passed_time":0.5641499488,"remaining_time":0.4492685047},
{"learn":[0.09215761234],"iteration":275,"passed_time":0.5659000032,"remaining_time":0.446978988},
{"learn":[0.09190090491],"iteration":276,"passed_time":0.5675157924,"remaining_time":0.4445881839},
{"learn":[0.09176431484],"iteration":277,"passed_time":0.5699677433,"remaining_time":0.442852635},
{"learn":[0.09171308569],"iteration":278,"passed_time":0.5719434308,"remaining_time":0.4407449377},
{"learn":[0.09163254674],"iteration":279,"passed_time":0.5737015199,"remaining_time":0.4384718759},
{"learn":[0.09127251807],"iteration":280,"passed_time":0.5753851531,"remaining_time":0.4361460413},
{"learn":[0.09117231685],"iteration":281,"passed_time":0.5770611776,"remaining_time":0.4338190413},
{"learn":[0.09098416515],"iteration":282,"passed_time":0.5788360421,"remaining_time":0.4315703352},
{"learn":[0.0906242153],"iteration":283,"passed_time":0.5805232084,"remaining_time":0.4292601189},
{"learn":[0.09051893623],"iteration":284,"passed_time":0.58217031,"remaining_time":0.426924894},
{"learn":[0.09031760971],"iteration":285,"passed_time":0.5841874751,"remaining_time":0.4248636183},
{"learn":[0.09007608385],"iteration":286,"passed_time":0.5861780465,"remaining_time":0.422783469},
{"learn":[0.0899031881],"iteration":287,"passed_time":0.5879031739,"remaining_time":0.4205140758},
{"learn":[0.08977857699],"iteration":288,"passed_time":0.5895966205,"remaining_time":0.4182259765},
{"learn":[0.08960212018],"iteration":289,"passed_time":0.591349792,"remaining_time":0.4159839916},
{"learn":[0.08944550629],"iteration":290,"passed_time":0.5930731892,"remaining_time":0.4137245959},
{"learn":[0.08907653123],"iteration":291,"passed_time":0.5947263513,"remaining_time":0.4114202841},
{"learn":[0.08893462603],"iteration":292,"passed_time":0.5964494987,"remaining_time":0.4091684274},
{"learn":[0.08872963156],"iteration":293,"passed_time":0.5982651731,"remaining_time":0.4069831109},
{"learn":[0.08854016424],"iteration":294,"passed_time":0.60026576,"remaining_time":0.4049250381},
{"learn":[0.08804494171],"iteration":295,"passed_time":0.6020416086,"remaining_time":0.402717022},
{"learn":[0.08780598201],"iteration":296,"passed_time":0.6038936826,"remaining_time":0.4005624764},
{"learn":[0.08766762898],"iteration":297,"passed_time":0.6056189012,"remaining_time":0.3983265256},
{"learn":[0.08758504839],"iteration":298,"passed_time":0.6073437412,"remaining_time":0.3960937443},
{"learn":[0.08740095335],"iteration":299,"passed_time":0.6090705738,"remaining_time":0.3938656378},
{"learn":[0.08709036612],"iteration":300,"passed_time":0.6108576202,"remaining_time":0.3916794708},
{"learn":[0.08693338004],"iteration":301,"passed_time":0.6136804763,"remaining_time":0.390154475},
{"learn":[0.08659862281],"iteration":302,"passed_time":0.6163347161,"remaining_time":0.388514623},
{"learn":[0.08634895218],"iteration":303,"passed_time":0.6185770093,"remaining_time":0.3866106308},
{"learn":[0.08619242693],"iteration":304,"passed_time":0.6206525835,"remaining_time":0.3846011091},
{"learn":[0.08602065968],"iteration":305,"passed_time":0.6225220791,"remaining_time":0.3824645453},
{"learn":[0.08590399468],"iteration":306,"passed_time":0.6243862636,"remaining_time":0.3803264863},
{"learn":[0.08577678364],"iteration":307,"passed_time":0.6263123812,"remaining_time":0.3782276068},
{"learn":[0.08550693802],"iteration":308,"passed_time":0.6283404863,"remaining_time":0.376190906},
{"learn":[0.08519647933],"iteration":309,"passed_time":0.6302987109,"remaining_time":0.3741127833},
{"learn":[0.08511164208],"iteration":310,"passed_time":0.6328680741,"remaining_time":0.3723950404},
{"learn":[0.08486085143],"iteration":311,"passed_time":0.6348910899,"remaining_time":0.3703531358},
{"learn":[0.08471392168],"iteration":312,"passed_time":0.6367325209,"remaining_time":0.368206346},
{"learn":[0.08466342235],"iteration":313,"passed_time":0.6385623553,"remaining_time":0.3660548533},
{"learn":[0.0845209746],"iteration":314,"passed_time":0.6404479499,"remaining_time":0.363937089},
{"learn":[0.08409102246],"iteration":315,"passed_time":0.6423983416,"remaining_time":0.3618572937},
{"learn":[0.08389308301],"iteration":316,"passed_time":0.6441898543,"remaining_time":0.3596896032},
{"learn":[0.08377684571],"iteration":317,"passed_time":0.645974868,"remaining_time":0.3575206817},
{"learn":[0.08374163477],"iteration":318,"passed_time":0.6481825912,"remaining_time":0.355586061},
{"learn":[0.08343480103],"iteration":319,"passed_time":0.6501751034,"remaining_time":0.3535327125},
{"learn":[0.08339295611],"iteration":320,"passed_time":0.6521130984,"remaining_time":0.3514503614},
{"learn":[0.08237528156],"iteration":321,"passed_time":0.6540952779,"remaining_time":0.3493925087},
{"learn":[0.08225806892],"iteration":322,"passed_time":0.6573300185,"remaining_time":0.3479982451},
{"learn":[0.08205736933],"iteration":323,"passed_time":0.6594568531,"remaining_time":0.3460113118},
{"learn":[0.0817607687],"iteration":324,"passed_time":0.6612678097,"remaining_time":0.343859261},
{"learn":[0.0814202665],"iteration":325,"passed_time":0.6634925183,"remaining_time":0.3419225248},
{"learn":[0.08127916331],"iteration":326,"passed_time":0.6655383069,"remaining_time":0.3398926521},
{"learn":[0.08093564866],"iteration":327,"passed_time":0.6677059528,"remaining_time":0.3379243542},
{"learn":[0.08079115574],"iteration":328,"passed_time":0.6700832222,"remaining_time":0.3360599747},
{"learn":[0.08071727102],"iteration":329,"passed_time":0.6720141137,"remaining_time":0.3339706504},
{"learn":[0.08025580361],"iteration":330,"passed_time":0.6738823544,"remaining_time":0.3318514313},
{"learn":[0.08004522615],"iteration":331,"passed_time":0.6758081007,"remaining_time":0.3297617841},
{"learn":[0.07987926772],"iteration":332,"passed_time":0.6777698664,"remaining_time":0.327690536},
{"learn":[0.07980507838],"iteration":333,"passed_time":0.6800727731,"remaining_time":0.3257833643},
{"learn":[0.0797431309],"iteration":334,"passed_time":0.6819428506,"remaining_time":0.3236683977},
{"learn":[0.07944679944],"iteration":335,"passed_time":0.6839673527,"remaining_time":0.3216275051},
{"learn":[0.07941196855],"iteration":336,"passed_time":0.6858551939,"remaining_time":0.3195230428},
{"learn":[0.07923904798],"iteration":337,"passed_time":0.6876599851,"remaining_time":0.3173815316},
{"learn":[0.07904558273],"iteration":338,"passed_time":0.6894627583,"remaining_time":0.3152410842},
{"learn":[0.07859479764],"iteration":339,"passed_time":0.6912842158,"remaining_time":0.313111086},
{"learn":[0.07812335704],"iteration":340,"passed_time":0.6930970935,"remaining_time":0.3109790478},
{"learn":[0.0778929231],"iteration":341,"passed_time":0.6955030027,"remaining_time":0.3091124457},
{"learn":[0.07756474054],"iteration":342,"passed_time":0.6974494631,"remaining_time":0.3070404342},
{"learn":[0.07750435684],"iteration":343,"passed_time":0.7150278753,"remaining_time":0.3117854107},
{"learn":[0.0772884891],"iteration":344,"passed_time":0.7169626888,"remaining_time":0.3096447555},
{"learn":[0.07712988798],"iteration":345,"passed_time":0.718809616,"remaining_time":0.307467697},
{"learn":[0.07693216315],"iteration":346,"passed_time":0.7206023226,"remaining_time":0.3052695718},
{"learn":[0.07679827177],"iteration":347,"passed_time":0.7225042615,"remaining_time":0.3031196039},
{"learn":[0.07652060628],"iteration":348,"passed_time":0.7242941818,"remaining_time":0.3009245168},
{"learn":[0.07627619637],"iteration":349,"passed_time":0.7263758516,"remaining_time":0.2988517789},
{"learn":[0.07614383075],"iteration":350,"passed_time":0.7287404256,"remaining_time":0.2968942475},
{"learn":[0.07591904534],"iteration":351,"passed_time":0.7306080707,"remaining_time":0.2947339376},
{"learn":[0.07556281081],"iteration":352,"passed_time":0.7324704569,"remaining_time":0.2925731853},
{"learn":[0.07546699059],"iteration":353,"passed_time":0.7344677851,"remaining_time":0.2904674856},
{"learn":[0.07480319081],"iteration":354,"passed_time":0.7365118893,"remaining_time":0.2883807116},
{"learn":[0.07431525782],"iteration":355,"passed_time":0.7385425831,"remaining_time":0.2862889788},
{"learn":[0.07416732902],"iteration":356,"passed_time":0.7404412904,"remaining_time":0.2841469378},
{"learn":[0.07405429461],"iteration":357,"passed_time":0.7435221823,"remaining_time":0.2824553542},
{"learn":[0.07361220369],"iteration":358,"passed_time":0.7455250939,"remaining_time":0.2803506621},
{"learn":[0.07352546684],"iteration":359,"passed_time":0.7474443762,"remaining_time":0.2782154067},
{"learn":[0.07334659341],"iteration":360,"passed_time":0.7494583093,"remaining_time":0.2761162192},
{"learn":[0.07271897277],"iteration":361,"passed_time":0.751377848,"remaining_time":0.2739830827},
{"learn":[0.07255896254],"iteration":362,"passed_time":0.7533446796,"remaining_time":0.2718681902},
{"learn":[0.07235021778],"iteration":363,"passed_time":0.7551505841,"remaining_time":0.2696966372},
{"learn":[0.07174117089],"iteration":364,"passed_time":0.7579507276,"remaining_time":0.2678784763},
{"learn":[0.07160923289],"iteration":365,"passed_time":0.7601766665,"remaining_time":0.2658541347},
{"learn":[0.07126600286],"iteration":366,"passed_time":0.7620314989,"remaining_time":0.2637002734},
{"learn":[0.07112226325],"iteration":367,"passed_time":0.7638398793,"remaining_time":0.2615321326},
{"learn":[0.07083634061],"iteration":368,"passed_time":0.765704096,"remaining_time":0.2593848564},
{"learn":[0.07061648107],"iteration":369,"passed_time":0.7675225667,"remaining_time":0.2572237791},
{"learn":[0.07044228631],"iteration":370,"passed_time":0.7692764593,"remaining_time":0.2550431388},
{"learn":[0.07031263101],"iteration":371,"passed_time":0.7712012853,"remaining_time":0.2529208516},
{"learn":[0.07030642858],"iteration":372,"passed_time":0.7733802668,"remaining_time":0.2508820705},
{"learn":[0.07002632194],"iteration":373,"passed_time":0.7755132634,"remaining_time":0.248827785},
{"learn":[0.06951037196],"iteration":374,"passed_time":0.7772699949,"remaining_time":0.2466536784},
{"learn":[0.06932970827],"iteration":375,"passed_time":0.7791896414,"remaining_time":0.2445329194},
{"learn":[0.06907821585],"iteration":376,"passed_time":0.7810773084,"remaining_time":0.2424033026},
{"learn":[0.06874357191],"iteration":377,"passed_time":0.7829407285,"remaining_time":0.2402675251},
{"learn":[0.06854862253],"iteration":378,"passed_time":0.7847030433,"remaining_time":0.2381025066},
{"learn":[0.06845536207],"iteration":379,"passed_time":0.7865279697,"remaining_time":0.2359583909},
{"learn":[0.06801963343],"iteration":380,"passed_time":0.7886642309,"remaining_time":0.233908289},
{"learn":[0.06796193896],"iteration":381,"passed_time":0.7908855,"remaining_time":0.2318826597},
{"learn":[0.0678603136],"iteration":382,"passed_time":0.7927889945,"remaining_time":0.2297639122},
{"learn":[0.06778459806],"iteration":383,"passed_time":0.7945480807,"remaining_time":0.227604919},
{"learn":[0.06768386589],"iteration":384,"passed_time":0.7963780546,"remaining_time":0.2254680726},
{"learn":[0.06761963622],"iteration":385,"passed_time":0.7981757865,"remaining_time":0.2233237952},
{"learn":[0.06758310595],"iteration":386,"passed_time":0.7999471295,"remaining_time":0.2211740125},
{"learn":[0.06743091395],"iteration":387,"passed_time":0.8018218546,"remaining_time":0.2190544242},
{"learn":[0.06711967279],"iteration":388,"passed_time":0.8036822537,"remaining_time":0.2169322279},
{"learn":[0.06677887593],"iteration":389,"passed_time":0.805895082,"remaining_time":0.2149053552},
{"learn":[0.06649581511],"iteration":390,"passed_time":0.8077477066,"remaining_time":0.2127826439},
{"learn":[0.06610237468],"iteration":391,"passed_time":0.8095695226,"remaining_time":0.2106532941},
{"learn":[0.06601085391],"iteration":392,"passed_time":0.8113872205,"remaining_time":0.2085244511},
{"learn":[0.06563543299],"iteration":393,"passed_time":0.8132686002,"remaining_time":0.2064133503},
{"learn":[0.0651734702],"iteration":394,"passed_time":0.815103269,"remaining_time":0.2042917054},
{"learn":[0.06487159145],"iteration":395,"passed_time":0.8204927688,"remaining_time":0.2030512408},
{"learn":[0.06477439473],"iteration":396,"passed_time":0.8231352444,"remaining_time":0.2011186869},
{"learn":[0.06435360951],"iteration":397,"passed_time":0.8249718005,"remaining_time":0.198988173},
{"learn":[0.06421996323],"iteration":398,"passed_time":0.8267325351,"remaining_time":0.1968410798},
{"learn":[0.06410379105],"iteration":399,"passed_time":0.8285426795,"remaining_time":0.1947075297},
{"learn":[0.06402320028],"iteration":400,"passed_time":0.8303028055,"remaining_time":0.1925639923},
{"learn":[0.06399973989],"iteration":401,"passed_time":0.8321875613,"remaining_time":0.1904508847},
{"learn":[0.06362440804],"iteration":402,"passed_time":0.833981192,"remaining_time":0.1883183337},
{"learn":[0.06343426838],"iteration":403,"passed_time":0.8361663823,"remaining_time":0.1862746891},
{"learn":[0.06335427785],"iteration":404,"passed_time":0.8379991244,"remaining_time":0.184152894},
{"learn":[0.06316490678],"iteration":405,"passed_time":0.8398374049,"remaining_time":0.1820337232},
{"learn":[0.06299261466],"iteration":406,"passed_time":0.8416404388,"remaining_time":0.1799083985},
{"learn":[0.06282403713],"iteration":407,"passed_time":0.8434798605,"remaining_time":0.1777923235},
{"learn":[0.06261726308],"iteration":408,"passed_time":0.8453512939,"remaining_time":0.1756842542},
{"learn":[0.06227360301],"iteration":409,"passed_time":0.8473880006,"remaining_time":0.1736112001},
{"learn":[0.06216365377],"iteration":410,"passed_time":0.8494848533,"remaining_time":0.1715504691},
{"learn":[0.06187104959],"iteration":411,"passed_time":0.851745738,"remaining_time":0.16952221},
{"learn":[0.06132912088],"iteration":412,"passed_time":0.8538453252,"remaining_time":0.1674611897},
{"learn":[0.06113796111],"iteration":413,"passed_time":0.8558911697,"remaining_time":0.165389598},
{"learn":[0.06097925911],"iteration":414,"passed_time":0.8577878802,"remaining_time":0.1632897411},
{"learn":[0.06075359304],"iteration":415,"passed_time":0.8598634853,"remaining_time":0.1612244035},
{"learn":[0.06063465396],"iteration":416,"passed_time":0.8621846243,"remaining_time":0.1592043551},
{"learn":[0.06049877865],"iteration":417,"passed_time":0.86423105,"remaining_time":0.1571329182},
{"learn":[0.06045723748],"iteration":418,"passed_time":0.8665439621,"remaining_time":0.1551093011},
{"learn":[0.06028999916],"iteration":419,"passed_time":0.8688683624,"remaining_time":0.1530863305},
{"learn":[0.06024745368],"iteration":420,"passed_time":0.8708228441,"remaining_time":0.1509977853},
{"learn":[0.0600731773],"iteration":421,"passed_time":0.8725430356,"remaining_time":0.1488699018},
{"learn":[0.05985064288],"iteration":422,"passed_time":0.8750610101,"remaining_time":0.1468778528},
{"learn":[0.05972217923],"iteration":423,"passed_time":0.8781123424,"remaining_time":0.1449713773},
{"learn":[0.05963362141],"iteration":424,"passed_time":0.8806245249,"remaining_time":0.1429719817},
{"learn":[0.0593797159],"iteration":425,"passed_time":0.8837237625,"remaining_time":0.141063887},
{"learn":[0.05932681494],"iteration":426,"passed_time":0.8855852443,"remaining_time":0.1389559985},
{"learn":[0.05923996784],"iteration":427,"passed_time":0.8876800689,"remaining_time":0.1368852443},
{"learn":[0.05905334143],"iteration":428,"passed_time":0.8894569551,"remaining_time":0.1347662053},
{"learn":[0.05898562311],"iteration":429,"passed_time":0.8914041562,"remaining_time":0.132674107},
{"learn":[0.05885814201],"iteration":430,"passed_time":0.8933420004,"remaining_time":0.1305813133},
{"learn":[0.05872886057],"iteration":431,"passed_time":0.8952908097,"remaining_time":0.1284908107},
{"learn":[0.0584959705],"iteration":432,"passed_time":0.8972046865,"remaining_time":0.1263960413},
{"learn":[0.05848290671],"iteration":433,"passed_time":0.8995810783,"remaining_time":0.1243660477},
{"learn":[0.05832276168],"iteration":434,"passed_time":0.9014198162,"remaining_time":0.1222615383},
{"learn":[0.05808430317],"iteration":435,"passed_time":0.9032704344,"remaining_time":0.1201598284},
{"learn":[0.0580050532],"iteration":436,"passed_time":0.9049858437,"remaining_time":0.1180416318},
{"learn":[0.05787464376],"iteration":437,"passed_time":0.9066688211,"remaining_time":0.1159211278},
{"learn":[0.05765971984],"iteration":438,"passed_time":0.908344387,"remaining_time":0.1138016886},
{"learn":[0.05758984205],"iteration":439,"passed_time":0.9100436242,"remaining_time":0.1116871721},
{"learn":[0.05752688114],"iteration":440,"passed_time":0.9117378277,"remaining_time":0.1095739339},
{"learn":[0.05737632151],"iteration":441,"passed_time":0.9140138983,"remaining_time":0.1075310469},
{"learn":[0.05721263936],"iteration":442,"passed_time":0.9159281527,"remaining_time":0.1054454532},
{"learn":[0.05709882396],"iteration":443,"passed_time":0.9179726973,"remaining_time":0.1033753037},
{"learn":[0.05702941096],"iteration":444,"passed_time":0.9198266628,"remaining_time":0.1012842842},
{"learn":[0.05676848686],"iteration":445,"passed_time":0.9215748867,"remaining_time":0.09918294745},
{"learn":[0.05652148218],"iteration":446,"passed_time":0.9233248776,"remaining_time":0.0970833764},
{"learn":[0.05633298876],"iteration":447,"passed_time":0.9251885596,"remaining_time":0.09499703961},
{"learn":[0.05625560699],"iteration":448,"passed_time":0.9269769553,"remaining_time":0.09290414919},
{"learn":[0.05607011209],"iteration":449,"passed_time":0.9288372708,"remaining_time":0.09081964425},
{"learn":[0.05592298406],"iteration":450,"passed_time":0.9312210205,"remaining_time":0.08878603964},
{"learn":[0.05573043689],"iteration":451,"passed_time":0.9330230927,"remaining_time":0.08669683604},
{"learn":[0.05552667607],"iteration":452,"passed_time":0.9348076836,"remaining_time":0.08460731794},
{"learn":[0.05538926265],"iteration":453,"passed_time":0.9365138844,"remaining_time":0.08251223651},
{"learn":[0.05536052514],"iteration":454,"passed_time":0.9382307716,"remaining_time":0.08041978042},
{"learn":[0.05531603164],"iteration":455,"passed_time":0.9400818565,"remaining_time":0.07834015471},
{"learn":[0.05518200251],"iteration":456,"passed_time":0.9418286701,"remaining_time":0.07625308708},
{"learn":[0.05510081198],"iteration":457,"passed_time":0.9435328929,"remaining_time":0.07416415752},
{"learn":[0.05498668684],"iteration":458,"passed_time":0.9457992245,"remaining_time":0.07211976658},
{"learn":[0.05485362371],"iteration":459,"passed_time":0.9476159166,"remaining_time":0.07004117644},
{"learn":[0.05475360265],"iteration":460,"passed_time":0.9493447877,"remaining_time":0.067957436},
{"learn":[0.0546651171],"iteration":461,"passed_time":0.9509996617,"remaining_time":0.06587010644},
{"learn":[0.05441724935],"iteration":462,"passed_time":0.9527186476,"remaining_time":0.06378893753},
{"learn":[0.05430201194],"iteration":463,"passed_time":0.954338249,"remaining_time":0.06170290403},
{"learn":[0.05426373203],"iteration":464,"passed_time":0.9559883131,"remaining_time":0.05962077652},
{"learn":[0.05424568891],"iteration":465,"passed_time":0.9575917591,"remaining_time":0.05753770226},
{"learn":[0.05418339644],"iteration":466,"passed_time":0.9592959264,"remaining_time":0.05546250538},
{"learn":[0.05403817494],"iteration":467,"passed_time":0.9616398101,"remaining_time":0.0534244339},
{"learn":[0.05391043878],"iteration":468,"passed_time":0.9638568559,"remaining_time":0.05137829722},
{"learn":[0.0537711539],"iteration":469,"passed_time":0.9656052152,"remaining_time":0.04930750035},
{"learn":[0.05364955438],"iteration":470,"passed_time":0.9673151446,"remaining_time":0.04723619602},
{"learn":[0.0532471583],"iteration":471,"passed_time":0.9691389599,"remaining_time":0.04517173118},
{"learn":[0.05292786257],"iteration":472,"passed_time":0.9708799979,"remaining_time":0.04310460879},
{"learn":[0.05282240133],"iteration":473,"passed_time":0.9725451598,"remaining_time":0.04103566075},
{"learn":[0.05273992711],"iteration":474,"passed_time":0.9742036776,"remaining_time":0.0389681471},
{"learn":[0.052560681],"iteration":475,"passed_time":0.9760500162,"remaining_time":0.03690945439},
{"learn":[0.05242285114],"iteration":476,"passed_time":0.9782712915,"remaining_time":0.03486501458},
{"learn":[0.05235456165],"iteration":477,"passed_time":0.9800641376,"remaining_time":0.03280549415},
{"learn":[0.05226901057],"iteration":478,"passed_time":0.9817408164,"remaining_time":0.03074344937},
{"learn":[0.05206404518],"iteration":479,"passed_time":0.983465019,"remaining_time":0.02868439639},
{"learn":[0.05194596647],"iteration":480,"passed_time":0.9851534369,"remaining_time":0.02662576856},
{"learn":[0.05180037368],"iteration":481,"passed_time":0.9868291398,"remaining_time":0.02456836033},
{"learn":[0.05177357072],"iteration":482,"passed_time":0.9884857657,"remaining_time":0.02251209818},
{"learn":[0.05166255656],"iteration":483,"passed_time":0.9902477548,"remaining_time":0.02045966435},
{"learn":[0.05151885309],"iteration":484,"passed_time":0.9925010314,"remaining_time":0.01841754491},
{"learn":[0.05123870933],"iteration":485,"passed_time":0.994417387,"remaining_time":0.01636901049},
{"learn":[0.05116247285],"iteration":486,"passed_time":0.9961693647,"remaining_time":0.01431865617},
{"learn":[0.0510226637],"iteration":487,"passed_time":0.9979847233,"remaining_time":0.01227030398},
{"learn":[0.05099089201],"iteration":488,"passed_time":0.9997193316,"remaining_time":0.01022207906},
{"learn":[0.05083726514],"iteration":489,"passed_time":1.001504169,"remaining_time":0.008175544237},
{"learn":[0.0506767767],"iteration":490,"passed_time":1.003254291,"remaining_time":0.006129863286},
{"learn":[0.05056207985],"iteration":491,"passed_time":1.004963026,"remaining_time":0.004085215552},
{"learn":[0.05052763502],"iteration":492,"passed_time":1.006613514,"remaining_time":0.002041812401},
{"learn":[0.05042108451],"iteration":493,"passed_time":1.009066631,"remaining_time":0}
]}